Name,Organisation,Postcode,Children Only,,,,,,
Butterwick House Children’s Hospice,Butterwick,TS19 8XN,yes,,,,,,
Butterwick Stockton on Tees,Butterwick,TS19 8XN,no,,,,,,
Butterwick Bishop Auckland,Butterwick,DL14 6JU,no,,,,,,
St Oswald’s Hospice,St Oswald’s,NE3 1EE,yes,,,,,,
Zoe’s Place Coventry,Zoe’s Place,CV7 9JG,yes,,,,,,
Zoe’s Place Liverpool,Zoe’s Place,L12 9HH,yes,,,,,,
Zoe’s Place Middlesborough,Zoe’s Place,TS6 9DA,yes,,,,,,
Bluebell Wood Children’s Hospice,Bluebell Wood,S25 4AJ,yes,,,,,,
Acorns Children's Hospice Birmingham,Acorn’s Children’s Hospice,B29 6HZ ,yes,,,,,,
Acorn’s children’s hospice worcester,Acorn’s Children’s Hospice,wr5 3ez,yes,,,,,,
Acorn’s children’s hospice walsall,Acorn’s Children’s Hospice,WS5 4LZ,yes,,,,,,
Christopher’s Children’s Hospice,Chase,GU3 1LP,yes,,,,,,
Shooting Star House Children’s Hospice,Chase,TW12 3RA,yes,,,,,,
Chestnut Tree House children's hospice,Chestnut Tree House,BN18 9PX,yes,,,,,,
CHSW Bristol Charlton Farm,Children’s Hospice South West,BS48 1PE,yes,,,,,,
CHSW Cornwall Little Harbour,Children’s Hospice South West,PL26 6AZ,yes,,,,,,
Rachel house hospice,Children's Hospice Association Scotland,KY13 8FX,yes,,,,,,
Robin house hospice,Children's Hospice Association Scotland,G83 8LX,yes,,,,,,
Claire House Children's Hospice,Claire House Children's Hospice,CH63 4JD,yes,,,,,,
Demelza Kent,Demelza,ME9 8DZ,yes,,,,,,
Demelza South East London,Demelza,SE9 5AB,yes,,,,,,
Demelza Community,Demelza,BN8 6BA,yes,,,,,,
Derian House Childrens Hospice,Derian House Childrens Hospice,PR7 1DH,yes,,,,,,
Donna Louise Children's Hospice Trust,Donna Louise Children's Hospice Trust,ST4 8FN,yes,,,,,,
The Treehouse ,East Anglia's Children's Hospices,IP3 8NS,yes,,,,,,
Milton,East Anglia's Children's Hospices,CB24 6AB,yes,,,,,,
Quidenham,East Anglia's Children's Hospices,NR16 2PH,yes,,,,,,
Francis House Children's Hospice,Francis House Children's Hospice,M20 5NA,yes,,,,,,
little havens care,Havens Hospices,SS0 8HX,yes,,,,,,
Helen and Douglas House,Helen and Douglas House,OX4 1RW,yes,,,,,,
Hope House,Hope House Children’s Hospices,SY10 9BX,yes,,,,,,
Tŷ Gobaith,Hope House Children’s Hospices,LL32 8SS,yes,,,,,,
Julia's House,Julia's House,BH15 2BB,yes,,,,,,
Martin House Hospice,Martin House Hospice,LS23 6TX,yes,,,,,,
Naomi House and Jack's Place,Naomi House and Jack's Place,SO21 3JE,yes,,,,,,
Noah's Ark Children's Hospice,Noah's Ark,EN5 5TZ,yes,,,,,,
Rainbows Hospice,Rainbows Hospice,LE11 2HS,yes,,,,,,
Richard House Children's Hospice,Richard House Children's Hospice,E16 3RG,yes,,,,,,
Ty Hafan,Ty Hafan,CF64 5XX,yes,,,,,,
Forget Me Not Children's Hospice,Forget Me Not Children's Hospice,HD2 1NH,yes,,,,,,
St. Andrew's Hospice,St. Andrew's Hospice,DN32 9RP,yes,,,,,,
Brian House Children’s Hospice,Trinity Hospice,FY2 0BG,yes,,,,,,
"Jigsaw, Cumbria's Children's Hospice",Eden Valley Hospice,CA2 4SD,yes,,,,,,
Northern Ireland Children’s hospice,NI Hospice,BT36 6WB,yes,,,,,,
Rebecca House,Hospice Isle of Man,IM4 4RP,yes,,,,,,
Alexander Devine Children's Hospice,Alexander Devine Children's Hospice,SL1 3DR,yes,,,,,,
chYps,EllenorLions Hospices,DA1 1AE,yes,,,,,,
Haven House Children's Hospice,Haven House Children's Hospice,IG8 9LB,yes,,,,,,
Keech Hospice Care,Keech Hospice Care,LU3 3NT,yes,,,,,,
,,,,,,,,,
,,,,,,,,,
,,,,,,,,,
,,,,,,,,,
,,,,,,,,,
,,,,,,,,,
,,,,,,,,,
,,,,,,,,,
,,,,,,,,,
,,,,,,,,,
,,,,,,,,,
,,,,,,,,,
,,,,,,,,,
,,,,,,,,,
,,,,,,,,,
,,,,,,,,,
,,,,,,,,,
,,,,,,,,,
,,,,,,,,,
,,,,,,,,,
,,,,,,,,,
,,,,,,,,,
,,,,,,,,,
,,,,,,,,,
,,,,,,,,,
,,,,,,,,,
,,,,,,,,,
,,,,,,,,,
,,,,,,,,,
,,,,,,,,,
,,,,,,,,,
,,,,,,,,,
,,,,,,,,,
,,,,,,,,,
,,,,,,,,,
,,,,,,,,,
,,,,,,,,,
,,,,,,,,,
,,,,,,,,,
,,,,,,,,,
,,,,,,,,,
,,,,,,,,,
,,,,,,,,,
,,,,,,,,,
,,,,,,,,,
,,,,,,,,,
,,,,,,,,,
,,,,,,,,,
,,,,,,,,,
,,,,,,,,,
,,,,,,,,,
,,,,,,,,,
,,,,,,,,,
,,,,,,,,,
,,,,,,,,,